Phe	acpos1	611
Phe	acpos2	612
Phe	acpos3	613
Val	acpos1	1633
Val	acpos2	1634
Val	acpos3	1635
Leu1	acpos1	3265
Leu1	acpos2	3266
Leu1	acpos3	3267
Ile	acpos1	4292
Ile	acpos2	4293
Ile	acpos3	4294
Gln	acpos3	4365
Gln	acpos2	4366
Gln	acpos1	4367
Met	acpos1	4432
Met	acpos2	4433
Met	acpos3	4434
Trp	acpos1	5544
Trp	acpos2	5545
Trp	acpos3	5546
Ala	acpos3	5623
Ala	acpos2	5624
Ala	acpos1	5625
Asn	acpos3	5694
Asn	acpos2	5695
Asn	acpos1	5696
Cys	acpos3	5796
Cys	acpos2	5797
Cys	acpos1	5798
Tyr	acpos3	5860
Tyr	acpos2	5861
Tyr	acpos1	5862
Ser1	acpos3	7482
Ser1	acpos2	7483
Ser1	acpos1	7484
Asp	acpos1	7548
Asp	acpos2	7549
Asp	acpos3	7550
Lys	acpos1	8323
Lys	acpos2	8324
Lys	acpos3	8325
Gly	acpos1	10021
Gly	acpos2	10022
Gly	acpos3	10023
Arg	acpos1	10435
Arg	acpos2	10436
Arg	acpos3	10437
His	acpos1	12168
His	acpos2	12169
His	acpos3	12170
Ser2	acpos1	12226
Ser2	acpos2	12227
Ser2	acpos3	12228
Leu2	acpos1	12298
Leu2	acpos2	12299
Leu2	acpos3	12300
Glu	acpos3	14710
Glu	acpos2	14711
Glu	acpos1	14712
Thr	acpos1	15919
Thr	acpos2	15920
Thr	acpos3	15921
Pro	acpos3	15990
Pro	acpos2	15991
Pro	acpos1	15992
